sc,name,level,since,principle,guideline,act_rules,act_failed,act_passed,act_inapplicable,local_tp,local_safe,ground_truth
1.1.1,Non-text Content,A,2.0,Perceivable,1.1 Text Alternatives,6,26,27,41,static/img_no_alt.html delivery/server_html.html delivery/client_js.html delivery/client_js_delayed.html delivery/iframe_same_origin.html delivery/iframe_srcdoc.html delivery/iframe_sandboxed.html delivery/iframe_nested.html delivery/shadow_dom_open.html delivery/shadow_dom_closed.html delivery/web_component.html delivery/progressive_enhancement.html,static/safe_img.html,ACT + local
1.2.1,Audio-only and Video-only (Prerecorded),A,2.0,Perceivable,1.2 Time-based Media,5,17,15,10,,,ACT
1.2.2,Captions (Prerecorded),A,2.0,Perceivable,1.2 Time-based Media,1,2,2,2,patterns/media-captions.html,patterns/safe_media-captions.html,ACT + local
1.2.3,Audio Description or Media Alternative (Prerecorded),A,2.0,Perceivable,1.2 Time-based Media,1,4,3,2,patterns/media-captions.html,patterns/safe_media-captions.html,ACT + local
1.2.4,Captions (Live),AA,2.0,Perceivable,1.2 Time-based Media,0,0,0,0,,,NONE
1.2.5,Audio Description (Prerecorded),AA,2.0,Perceivable,1.2 Time-based Media,2,7,5,4,,,ACT
1.2.6,Sign Language (Prerecorded),AAA,2.0,Perceivable,1.2 Time-based Media,0,0,0,0,,,NONE
1.2.7,Extended Audio Description (Prerecorded),AAA,2.0,Perceivable,1.2 Time-based Media,0,0,0,0,,,NONE
1.2.8,Media Alternative (Prerecorded),AAA,2.0,Perceivable,1.2 Time-based Media,2,8,7,3,,,ACT
1.2.9,Audio-only (Live),AAA,2.0,Perceivable,1.2 Time-based Media,0,0,0,0,,,NONE
1.3.1,Info and Relationships,A,2.0,Perceivable,1.3 Adaptable,13,52,80,44,keyboard/div_text_field.html patterns/accordion.html patterns/table.html patterns/breadcrumb.html patterns/required-fields.html,keyboard/safe_native_text_field.html patterns/safe_accordion.html patterns/safe_table.html patterns/safe_breadcrumb.html patterns/safe_required-fields.html,ACT + local
1.3.2,Meaningful Sequence,A,2.0,Perceivable,1.3 Adaptable,0,0,0,0,,,NONE
1.3.3,Sensory Characteristics,A,2.0,Perceivable,1.3 Adaptable,1,4,15,2,,,ACT
1.3.4,Orientation,AA,2.1,Perceivable,1.3 Adaptable,1,4,3,6,,,ACT
1.3.5,Identify Input Purpose,AA,2.1,Perceivable,1.3 Adaptable,1,10,9,11,,,ACT
1.3.6,Identify Purpose,AAA,2.1,Perceivable,1.3 Adaptable,0,0,0,0,,,NONE
1.4.1,Use of Color,A,2.0,Perceivable,1.4 Distinguishable,0,0,0,0,color-vision/error_color_only.html color-vision/status_color_only.html color-vision/link_color_only.html color-vision/chart_series_color_only.html color-vision/selection_color_only.html color-vision/disabled_state.html color-vision/required_color_only.html,color-vision/safe_error_color_only.html color-vision/safe_status_color_only.html color-vision/safe_link_color_only.html color-vision/safe_chart_series_color_only.html color-vision/safe_selection_color_only.html color-vision/safe_disabled_state.html color-vision/safe_required_color_only.html,local only
1.4.2,Audio Control,A,2.0,Perceivable,1.4 Distinguishable,1,2,3,3,,,ACT
1.4.3,Contrast (Minimum),AA,2.0,Perceivable,1.4 Distinguishable,2,24,23,22,color-vision/placeholder_contrast.html,color-vision/safe_placeholder_contrast.html,ACT + local
1.4.4,Resize Text,AA,2.0,Perceivable,1.4 Distinguishable,2,12,9,9,static/viewport_no_zoom.html,static/safe_viewport.html,ACT + local
1.4.5,Images of Text,AA,2.0,Perceivable,1.4 Distinguishable,1,5,8,2,,,ACT
1.4.6,Contrast (Enhanced),AAA,2.0,Perceivable,1.4 Distinguishable,2,24,23,22,,,ACT
1.4.7,Low or No Background Audio,AAA,2.0,Perceivable,1.4 Distinguishable,0,0,0,0,,,NONE
1.4.8,Visual Presentation,AAA,2.0,Perceivable,1.4 Distinguishable,0,0,0,0,,,NONE
1.4.9,Images of Text (No Exception),AAA,2.0,Perceivable,1.4 Distinguishable,1,5,8,2,,,ACT
1.4.10,Reflow,AA,2.1,Perceivable,1.4 Distinguishable,1,3,2,0,,,ACT
1.4.11,Non-text Contrast,AA,2.1,Perceivable,1.4 Distinguishable,0,0,0,0,,,NONE
1.4.12,Text Spacing,AA,2.1,Perceivable,1.4 Distinguishable,3,14,20,28,,,ACT
1.4.13,Content on Hover or Focus,AA,2.1,Perceivable,1.4 Distinguishable,0,0,0,0,patterns/tooltip.html,patterns/safe_tooltip.html,local only
2.1.1,Keyboard,A,2.0,Operable,2.1 Keyboard Accessible,2,3,6,16,keyboard/div_button.html keyboard/div_text_field.html keyboard/div_date_fields.html keyboard/div_travellers.html keyboard/div_checkbox.html keyboard/div_fare_cards.html keyboard/role_tab_no_tablist.html capture/client_mounted.html delivery/server_html.html delivery/client_js.html delivery/client_js_delayed.html delivery/iframe_same_origin.html delivery/iframe_srcdoc.html delivery/iframe_sandboxed.html delivery/iframe_nested.html delivery/shadow_dom_open.html delivery/shadow_dom_closed.html delivery/web_component.html delivery/progressive_enhancement.html patterns/disclosure.html patterns/tabs.html patterns/dialog.html patterns/combobox.html patterns/menu.html patterns/switch.html patterns/slider.html patterns/listbox.html,keyboard/safe_native_button.html keyboard/safe_native_text_field.html keyboard/safe_native_checkbox.html keyboard/safe_roving_tabindex.html keyboard/safe_custom_button.html capture/safe_server_rendered.html patterns/safe_disclosure.html patterns/safe_tabs.html patterns/safe_dialog.html patterns/safe_combobox.html patterns/safe_menu.html patterns/safe_switch.html patterns/safe_slider.html patterns/safe_listbox.html,ACT + local
2.1.2,No Keyboard Trap,A,2.0,Operable,2.1 Keyboard Accessible,1,5,7,4,,,ACT
2.1.3,Keyboard (No Exception),AAA,2.0,Operable,2.1 Keyboard Accessible,2,2,4,10,,,ACT
2.1.4,Character Key Shortcuts,A,2.1,Operable,2.1 Keyboard Accessible,1,2,6,2,,,ACT
2.2.1,Timing Adjustable,A,2.0,Operable,2.2 Enough Time,2,7,5,16,,,ACT
2.2.2,"Pause, Stop, Hide",A,2.0,Operable,2.2 Enough Time,1,1,5,5,static/anim_no_reduced_motion.html,static/safe_anim_reduced_motion.html,ACT + local
2.2.3,No Timing,AAA,2.0,Operable,2.2 Enough Time,0,0,0,0,,,NONE
2.2.4,Interruptions,AAA,2.0,Operable,2.2 Enough Time,2,7,5,16,,,ACT
2.2.5,Re-authenticating,AAA,2.0,Operable,2.2 Enough Time,0,0,0,0,,,NONE
2.2.6,Timeouts,AAA,2.1,Operable,2.2 Enough Time,0,0,0,0,,,NONE
2.3.1,Three Flashes or Below Threshold,A,2.0,Operable,2.3 Seizures and Physical Reactions,0,0,0,0,,,NONE
2.3.2,Three Flashes,AAA,2.0,Operable,2.3 Seizures and Physical Reactions,0,0,0,0,,,NONE
2.3.3,Animation from Interactions,AAA,2.1,Operable,2.3 Seizures and Physical Reactions,0,0,0,0,,,NONE
2.4.1,Bypass Blocks,A,2.0,Operable,2.4 Navigable,1,1,12,1,,,ACT
2.4.2,Page Titled,A,2.0,Operable,2.4 Navigable,2,9,9,2,,,ACT
2.4.3,Focus Order,A,2.0,Operable,2.4 Navigable,0,0,0,0,keyboard/role_tab_no_tablist.html patterns/tabs.html patterns/dialog.html,keyboard/safe_roving_tabindex.html capture/link_heavy.html patterns/safe_tabs.html patterns/safe_dialog.html,local only
2.4.4,Link Purpose (In Context),A,2.0,Operable,2.4 Navigable,3,25,29,16,,,ACT
2.4.5,Multiple Ways,AA,2.0,Operable,2.4 Navigable,0,0,0,0,,,NONE
2.4.6,Headings and Labels,AA,2.0,Operable,2.4 Navigable,2,10,13,5,,,ACT
2.4.7,Focus Visible,AA,2.0,Operable,2.4 Navigable,1,1,5,3,keyboard/focus_not_visible.html,,ACT + local
2.4.8,Location,AAA,2.0,Operable,2.4 Navigable,0,0,0,0,,,NONE
2.4.9,Link Purpose (Link Only),AAA,2.0,Operable,2.4 Navigable,5,36,45,22,,,ACT
2.4.10,Section Headings,AAA,2.0,Operable,2.4 Navigable,0,0,0,0,,,NONE
2.4.11,Focus Not Obscured (Minimum),AA,2.2,Operable,2.4 Navigable,0,0,0,0,keyboard/focus_obscured.html,,local only
2.4.12,Focus Not Obscured (Enhanced),AAA,2.2,Operable,2.4 Navigable,0,0,0,0,,,NONE
2.4.13,Focus Appearance,AAA,2.2,Operable,2.4 Navigable,0,0,0,0,,,NONE
2.5.1,Pointer Gestures,A,2.1,Operable,2.5 Input Modalities,0,0,0,0,,,NONE
2.5.2,Pointer Cancellation,A,2.1,Operable,2.5 Input Modalities,0,0,0,0,,,NONE
2.5.3,Label in Name,A,2.1,Operable,2.5 Input Modalities,2,17,18,6,,,ACT
2.5.4,Motion Actuation,A,2.1,Operable,2.5 Input Modalities,2,2,7,2,,,ACT
2.5.5,Target Size (Enhanced),AAA,2.1,Operable,2.5 Input Modalities,0,0,0,0,,,NONE
2.5.6,Concurrent Input Mechanisms,AAA,2.1,Operable,2.5 Input Modalities,0,0,0,0,,,NONE
2.5.7,Dragging Movements,AA,2.2,Operable,2.5 Input Modalities,0,0,0,0,,,NONE
2.5.8,Target Size (Minimum),AA,2.2,Operable,2.5 Input Modalities,0,0,0,0,,,NONE
3.1.1,Language of Page,A,2.0,Understandable,3.1 Readable,3,13,7,9,static/lang_missing.html,,ACT + local
3.1.2,Language of Parts,AA,2.0,Understandable,3.1 Readable,2,13,10,10,,,ACT
3.1.3,Unusual Words,AAA,2.0,Understandable,3.1 Readable,0,0,0,0,,,NONE
3.1.4,Abbreviations,AAA,2.0,Understandable,3.1 Readable,0,0,0,0,,,NONE
3.1.5,Reading Level,AAA,2.0,Understandable,3.1 Readable,0,0,0,0,,,NONE
3.1.6,Pronunciation,AAA,2.0,Understandable,3.1 Readable,0,0,0,0,,,NONE
3.2.1,On Focus,A,2.0,Understandable,3.2 Predictable,0,0,0,0,,,NONE
3.2.2,On Input,A,2.0,Understandable,3.2 Predictable,0,0,0,0,,,NONE
3.2.3,Consistent Navigation,AA,2.0,Understandable,3.2 Predictable,0,0,0,0,,,NONE
3.2.4,Consistent Identification,AA,2.0,Understandable,3.2 Predictable,0,0,0,0,,,NONE
3.2.5,Change on Request,AAA,2.0,Understandable,3.2 Predictable,2,7,5,16,,,ACT
3.2.6,Consistent Help,A,2.2,Understandable,3.2 Predictable,0,0,0,0,,,NONE
3.3.1,Error Identification,A,2.0,Understandable,3.3 Input Assistance,1,5,3,1,patterns/form-errors.html color-vision/error_color_only.html,patterns/safe_form-errors.html color-vision/safe_error_color_only.html,ACT + local
3.3.2,Labels or Instructions,A,2.0,Understandable,3.3 Input Assistance,0,0,0,0,static/field_no_visible_label.html patterns/form-errors.html patterns/required-fields.html color-vision/required_color_only.html,patterns/safe_form-errors.html patterns/safe_required-fields.html color-vision/safe_required_color_only.html,local only
3.3.3,Error Suggestion,AA,2.0,Understandable,3.3 Input Assistance,0,0,0,0,,,NONE
3.3.4,"Error Prevention (Legal, Financial, Data)",AA,2.0,Understandable,3.3 Input Assistance,0,0,0,0,,,NONE
3.3.5,Help,AAA,2.0,Understandable,3.3 Input Assistance,0,0,0,0,,,NONE
3.3.6,Error Prevention (All),AAA,2.0,Understandable,3.3 Input Assistance,0,0,0,0,,,NONE
3.3.7,Redundant Entry,A,2.2,Understandable,3.3 Input Assistance,0,0,0,0,,,NONE
3.3.8,Accessible Authentication (Minimum),AA,2.2,Understandable,3.3 Input Assistance,0,0,0,0,,,NONE
3.3.9,Accessible Authentication (Enhanced),AAA,2.2,Understandable,3.3 Input Assistance,0,0,0,0,,,NONE
4.1.2,"Name, Role, Value",A,2.0,Robust,4.1 Compatible,15,70,102,61,keyboard/div_button.html keyboard/div_text_field.html keyboard/div_checkbox.html keyboard/role_tab_no_tablist.html capture/client_mounted.html patterns/disclosure.html patterns/accordion.html patterns/tabs.html patterns/dialog.html patterns/combobox.html patterns/menu.html patterns/switch.html patterns/tooltip.html patterns/breadcrumb.html patterns/slider.html patterns/listbox.html patterns/form-errors.html color-vision/selection_color_only.html,keyboard/safe_native_button.html keyboard/safe_native_text_field.html keyboard/safe_native_checkbox.html keyboard/safe_custom_button.html capture/safe_server_rendered.html patterns/safe_disclosure.html patterns/safe_accordion.html patterns/safe_tabs.html patterns/safe_dialog.html patterns/safe_combobox.html patterns/safe_menu.html patterns/safe_switch.html patterns/safe_tooltip.html patterns/safe_breadcrumb.html patterns/safe_slider.html patterns/safe_listbox.html patterns/safe_form-errors.html color-vision/safe_selection_color_only.html,ACT + local
4.1.3,Status Messages,AA,2.1,Robust,4.1 Compatible,0,0,0,0,patterns/alert.html,patterns/safe_alert.html,local only
